candidat,parti,intentions,id,nom_institut,commanditaire,fin_enquete,echantillon,tour,hypothese
Emmanuel Macron,,63.0,20170505_ipsos,Ipsos,"France Télévisions, Radio France",2017-05-05,8200,Deuxième tour,
Marine Le Pen,,37.0,20170505_ipsos,Ipsos,"France Télévisions, Radio France",2017-05-05,8200,Deuxième tour,
Emmanuel Macron,,62.0,20170505_elabe,Elabe,"BFM TV, L'Express",2017-05-05,1009,Deuxième tour,
Marine Le Pen,,38.0,20170505_elabe,Elabe,"BFM TV, L'Express",2017-05-05,1009,Deuxième tour,
Emmanuel Macron,,63.0,20170505_ifop,Ifop,"Paris Match, C News, Sud Radio",2017-05-05,1861,Deuxième tour,
Marine Le Pen,,37.0,20170505_ifop,Ifop,"Paris Match, C News, Sud Radio",2017-05-05,1861,Deuxième tour,
Emmanuel Macron,,61.0,20170504_opinionway,Opinion Way,"Les Echos, Radio Classique",2017-05-04,2320,Deuxième tour,
Marine Le Pen,,39.0,20170504_opinionway,Opinion Way,"Les Echos, Radio Classique",2017-05-04,2320,Deuxième tour,
Emmanuel Macron,,59.0,20170428_bva,BVA,"Presse Régionale, Orange",2017-04-28,1438,Deuxième tour,
Marine Le Pen,,41.0,20170428_bva,BVA,"Presse Régionale, Orange",2017-04-28,1438,Deuxième tour,
Emmanuel Macron,,61.5,20170504_ipsos,Ipsos,"France Télévisions, Radio France",2017-05-04,2632,Deuxième tour,
Marine Le Pen,,38.5,20170504_ipsos,Ipsos,"France Télévisions, Radio France",2017-05-04,2632,Deuxième tour,
Emmanuel Macron,,62.0,20170502_odoxa,Odoxa,Le Point,2017-05-02,998,Deuxième tour,
Marine Le Pen,,38.0,20170502_odoxa,Odoxa,Le Point,2017-05-02,998,Deuxième tour,
Emmanuel Macron,,59.5,20170502_ifop,Ifop,"Paris Match, C News, Sud Radio",2017-05-02,1388,Deuxième tour,
Marine Le Pen,,40.5,20170502_ifop,Ifop,"Paris Match, C News, Sud Radio",2017-05-02,1388,Deuxième tour,
Emmanuel Macron,,59.0,20170502_elabe,Elabe,"BFM TV, L'Express",2017-05-02,3817,Deuxième tour,
Marine Le Pen,,41.0,20170502_elabe,Elabe,"BFM TV, L'Express",2017-05-02,3817,Deuxième tour,
Emmanuel Macron,,59.0,20170501_ipsos,Ipsos,"Le Monde, Cevipof",2017-05-01,13742,Deuxième tour,
Marine Le Pen,,41.0,20170501_ipsos,Ipsos,"Le Monde, Cevipof",2017-05-01,13742,Deuxième tour,
Emmanuel Macron,,60.0,20170429_ipsos,Ipsos,"France Télévisions, Radio France",2017-04-29,1504,Deuxième tour,
Marine Le Pen,,40.0,20170429_ipsos,Ipsos,"France Télévisions, Radio France",2017-04-29,1504,Deuxième tour,
Emmanuel Macron,,59.0,20170427_odoxa,Odoxa,Le Point,2017-04-27,968,Deuxième tour,
Marine Le Pen,,41.0,20170427_odoxa,Odoxa,Le Point,2017-04-27,968,Deuxième tour,
Emmanuel Macron,,60.5,20170427_ifop,Ifop,"Paris Match, C News, Sud Radio",2017-04-27,1407,Deuxième tour,
Marine Le Pen,,39.5,20170427_ifop,Ifop,"Paris Match, C News, Sud Radio",2017-04-27,1407,Deuxième tour,
Emmanuel Macron,,61.0,20170425_ifop,Ifop,"Paris Match, C News, Sud Radio",2017-04-25,1416,Deuxième tour,
Marine Le Pen,,39.0,20170425_ifop,Ifop,"Paris Match, C News, Sud Radio",2017-04-25,1416,Deuxième tour,
Emmanuel Macron,,62.0,20170425_ipsos,Ipsos,"France Télévisions, Radio France",2017-04-25,2024,Deuxième tour,
Marine Le Pen,,38.0,20170425_ipsos,Ipsos,"France Télévisions, Radio France",2017-04-25,2024,Deuxième tour,
Emmanuel Macron,,60.0,20170424_opinionway,Opinion Way,"Les Echos, Radio Classique",2017-04-24,1825,Deuxième tour,
Marine Le Pen,,40.0,20170424_opinionway,Opinion Way,"Les Echos, Radio Classique",2017-04-24,1825,Deuxième tour,
Emmanuel Macron,,64.0,20170424_elabe,Elabe,BFM TV,2017-04-24,967,Deuxième tour,
Marine Le Pen,,36.0,20170424_elabe,Elabe,BFM TV,2017-04-24,967,Deuxième tour,
Nathalie Arthaud,,0.0,20170421_odoxa,Odoxa,Le Point,2017-04-21,953,Premier tour,
Philippe Poutou,,1.0,20170421_odoxa,Odoxa,Le Point,2017-04-21,953,Premier tour,
Jean-Luc Mélenchon,,19.0,20170421_odoxa,Odoxa,Le Point,2017-04-21,953,Premier tour,
Benoît Hamon,,7.5,20170421_odoxa,Odoxa,Le Point,2017-04-21,953,Premier tour,
Emmanuel Macron,,24.5,20170421_odoxa,Odoxa,Le Point,2017-04-21,953,Premier tour,
Jean Lassalle,,0.5,20170421_odoxa,Odoxa,Le Point,2017-04-21,953,Premier tour,
François Fillon,,19.0,20170421_odoxa,Odoxa,Le Point,2017-04-21,953,Premier tour,
Nicolas Dupont-Aignan,,4.5,20170421_odoxa,Odoxa,Le Point,2017-04-21,953,Premier tour,
François Asselineau,,1.0,20170421_odoxa,Odoxa,Le Point,2017-04-21,953,Premier tour,
Jacques Cheminade,,0.0,20170421_odoxa,Odoxa,Le Point,2017-04-21,953,Premier tour,
Marine Le Pen,,23.0,20170421_odoxa,Odoxa,Le Point,2017-04-21,953,Premier tour,
Nathalie Arthaud,,0.5,20170421_bva,BVA,"Presse Régionale, Orange",2017-04-21,1494,Premier tour,
Philippe Poutou,,1.5,20170421_bva,BVA,"Presse Régionale, Orange",2017-04-21,1494,Premier tour,
Jean-Luc Mélenchon,,19.5,20170421_bva,BVA,"Presse Régionale, Orange",2017-04-21,1494,Premier tour,
Benoît Hamon,,8.0,20170421_bva,BVA,"Presse Régionale, Orange",2017-04-21,1494,Premier tour,
Emmanuel Macron,,23.0,20170421_bva,BVA,"Presse Régionale, Orange",2017-04-21,1494,Premier tour,
Jean Lassalle,,1.0,20170421_bva,BVA,"Presse Régionale, Orange",2017-04-21,1494,Premier tour,
François Fillon,,19.0,20170421_bva,BVA,"Presse Régionale, Orange",2017-04-21,1494,Premier tour,
Nicolas Dupont-Aignan,,4.0,20170421_bva,BVA,"Presse Régionale, Orange",2017-04-21,1494,Premier tour,
François Asselineau,,0.5,20170421_bva,BVA,"Presse Régionale, Orange",2017-04-21,1494,Premier tour,
Jacques Cheminade,,0.0,20170421_bva,BVA,"Presse Régionale, Orange",2017-04-21,1494,Premier tour,
Marine Le Pen,,23.0,20170421_bva,BVA,"Presse Régionale, Orange",2017-04-21,1494,Premier tour,
Nathalie Arthaud,,0.5,20170421_ifop,Ifop,"Paris Match, CNews, Sud Radio",2017-04-21,2823,Premier tour,
Philippe Poutou,,1.5,20170421_ifop,Ifop,"Paris Match, CNews, Sud Radio",2017-04-21,2823,Premier tour,
Jean-Luc Mélenchon,,18.5,20170421_ifop,Ifop,"Paris Match, CNews, Sud Radio",2017-04-21,2823,Premier tour,
Benoît Hamon,,7.0,20170421_ifop,Ifop,"Paris Match, CNews, Sud Radio",2017-04-21,2823,Premier tour,
Emmanuel Macron,,24.5,20170421_ifop,Ifop,"Paris Match, CNews, Sud Radio",2017-04-21,2823,Premier tour,
Jean Lassalle,,1.0,20170421_ifop,Ifop,"Paris Match, CNews, Sud Radio",2017-04-21,2823,Premier tour,
François Fillon,,19.5,20170421_ifop,Ifop,"Paris Match, CNews, Sud Radio",2017-04-21,2823,Premier tour,
Nicolas Dupont-Aignan,,4.0,20170421_ifop,Ifop,"Paris Match, CNews, Sud Radio",2017-04-21,2823,Premier tour,
François Asselineau,,1.0,20170421_ifop,Ifop,"Paris Match, CNews, Sud Radio",2017-04-21,2823,Premier tour,
Jacques Cheminade,,0.0,20170421_ifop,Ifop,"Paris Match, CNews, Sud Radio",2017-04-21,2823,Premier tour,
Marine Le Pen,,22.5,20170421_ifop,Ifop,"Paris Match, CNews, Sud Radio",2017-04-21,2823,Premier tour,
Nathalie Arthaud,,0.0,20170420_opinionway,Opinion Way,"Orpi, Les Echos, Radio Classique",2017-04-20,2269,Premier tour,
Philippe Poutou,,2.0,20170420_opinionway,Opinion Way,"Orpi, Les Echos, Radio Classique",2017-04-20,2269,Premier tour,
Jean-Luc Mélenchon,,18.0,20170420_opinionway,Opinion Way,"Orpi, Les Echos, Radio Classique",2017-04-20,2269,Premier tour,
Benoît Hamon,,8.0,20170420_opinionway,Opinion Way,"Orpi, Les Echos, Radio Classique",2017-04-20,2269,Premier tour,
Emmanuel Macron,,23.0,20170420_opinionway,Opinion Way,"Orpi, Les Echos, Radio Classique",2017-04-20,2269,Premier tour,
Jean Lassalle,,1.0,20170420_opinionway,Opinion Way,"Orpi, Les Echos, Radio Classique",2017-04-20,2269,Premier tour,
François Fillon,,21.0,20170420_opinionway,Opinion Way,"Orpi, Les Echos, Radio Classique",2017-04-20,2269,Premier tour,
Nicolas Dupont-Aignan,,4.0,20170420_opinionway,Opinion Way,"Orpi, Les Echos, Radio Classique",2017-04-20,2269,Premier tour,
François Asselineau,,1.0,20170420_opinionway,Opinion Way,"Orpi, Les Echos, Radio Classique",2017-04-20,2269,Premier tour,
Jacques Cheminade,,0.0,20170420_opinionway,Opinion Way,"Orpi, Les Echos, Radio Classique",2017-04-20,2269,Premier tour,
Marine Le Pen,,22.0,20170420_opinionway,Opinion Way,"Orpi, Les Echos, Radio Classique",2017-04-20,2269,Premier tour,
Nathalie Arthaud,,0.5,20170420_ipsos,Ipsos,"France Télévisions, Radio France",2017-04-20,2048,Premier tour,
Philippe Poutou,,1.5,20170420_ipsos,Ipsos,"France Télévisions, Radio France",2017-04-20,2048,Premier tour,
Jean-Luc Mélenchon,,19.0,20170420_ipsos,Ipsos,"France Télévisions, Radio France",2017-04-20,2048,Premier tour,
Benoît Hamon,,7.5,20170420_ipsos,Ipsos,"France Télévisions, Radio France",2017-04-20,2048,Premier tour,
Emmanuel Macron,,24.0,20170420_ipsos,Ipsos,"France Télévisions, Radio France",2017-04-20,2048,Premier tour,
Jean Lassalle,,1.5,20170420_ipsos,Ipsos,"France Télévisions, Radio France",2017-04-20,2048,Premier tour,
François Fillon,,19.0,20170420_ipsos,Ipsos,"France Télévisions, Radio France",2017-04-20,2048,Premier tour,
Nicolas Dupont-Aignan,,4.0,20170420_ipsos,Ipsos,"France Télévisions, Radio France",2017-04-20,2048,Premier tour,
François Asselineau,,1.0,20170420_ipsos,Ipsos,"France Télévisions, Radio France",2017-04-20,2048,Premier tour,
Jacques Cheminade,,0.0,20170420_ipsos,Ipsos,"France Télévisions, Radio France",2017-04-20,2048,Premier tour,
Marine Le Pen,,22.0,20170420_ipsos,Ipsos,"France Télévisions, Radio France",2017-04-20,2048,Premier tour,
Nathalie Arthaud,,0.5,20170420_elabe,Elabe,"BFM TV, L'Express",2017-04-20,1445,Premier tour,
Philippe Poutou,,1.5,20170420_elabe,Elabe,"BFM TV, L'Express",2017-04-20,1445,Premier tour,
Jean-Luc Mélenchon,,19.5,20170420_elabe,Elabe,"BFM TV, L'Express",2017-04-20,1445,Premier tour,
Benoît Hamon,,7.0,20170420_elabe,Elabe,"BFM TV, L'Express",2017-04-20,1445,Premier tour,
Emmanuel Macron,,24.0,20170420_elabe,Elabe,"BFM TV, L'Express",2017-04-20,1445,Premier tour,
Jean Lassalle,,1.0,20170420_elabe,Elabe,"BFM TV, L'Express",2017-04-20,1445,Premier tour,
François Fillon,,20.0,20170420_elabe,Elabe,"BFM TV, L'Express",2017-04-20,1445,Premier tour,
Nicolas Dupont-Aignan,,4.0,20170420_elabe,Elabe,"BFM TV, L'Express",2017-04-20,1445,Premier tour,
François Asselineau,,1.0,20170420_elabe,Elabe,"BFM TV, L'Express",2017-04-20,1445,Premier tour,
Jacques Cheminade,,0.0,20170420_elabe,Elabe,"BFM TV, L'Express",2017-04-20,1445,Premier tour,
Marine Le Pen,,21.5,20170420_elabe,Elabe,"BFM TV, L'Express",2017-04-20,1445,Premier tour,
Nathalie Arthaud,,0.5,20170419_harris,Harris Interactive,"France Télévisions, L'émission Politique",2017-04-19,2812,Premier tour,
Philippe Poutou,,1.5,20170419_harris,Harris Interactive,"France Télévisions, L'émission Politique",2017-04-19,2812,Premier tour,
Jean-Luc Mélenchon,,19.0,20170419_harris,Harris Interactive,"France Télévisions, L'émission Politique",2017-04-19,2812,Premier tour,
Benoît Hamon,,7.5,20170419_harris,Harris Interactive,"France Télévisions, L'émission Politique",2017-04-19,2812,Premier tour,
Emmanuel Macron,,25.0,20170419_harris,Harris Interactive,"France Télévisions, L'émission Politique",2017-04-19,2812,Premier tour,
Jean Lassalle,,1.0,20170419_harris,Harris Interactive,"France Télévisions, L'émission Politique",2017-04-19,2812,Premier tour,
François Fillon,,19.0,20170419_harris,Harris Interactive,"France Télévisions, L'émission Politique",2017-04-19,2812,Premier tour,
Nicolas Dupont-Aignan,,4.0,20170419_harris,Harris Interactive,"France Télévisions, L'émission Politique",2017-04-19,2812,Premier tour,
François Asselineau,,0.5,20170419_harris,Harris Interactive,"France Télévisions, L'émission Politique",2017-04-19,2812,Premier tour,
Jacques Cheminade,,0.0,20170419_harris,Harris Interactive,"France Télévisions, L'émission Politique",2017-04-19,2812,Premier tour,
Marine Le Pen,,22.0,20170419_harris,Harris Interactive,"France Télévisions, L'émission Politique",2017-04-19,2812,Premier tour,
Nathalie Arthaud,,0.5,20170419_bva,BVA,"Presse Régionale, Orange",2017-04-19,1427,Premier tour,
Philippe Poutou,,1.5,20170419_bva,BVA,"Presse Régionale, Orange",2017-04-19,1427,Premier tour,
Jean-Luc Mélenchon,,19.0,20170419_bva,BVA,"Presse Régionale, Orange",2017-04-19,1427,Premier tour,
Benoît Hamon,,8.5,20170419_bva,BVA,"Presse Régionale, Orange",2017-04-19,1427,Premier tour,
Emmanuel Macron,,24.0,20170419_bva,BVA,"Presse Régionale, Orange",2017-04-19,1427,Premier tour,
Jean Lassalle,,0.5,20170419_bva,BVA,"Presse Régionale, Orange",2017-04-19,1427,Premier tour,
François Fillon,,19.0,20170419_bva,BVA,"Presse Régionale, Orange",2017-04-19,1427,Premier tour,
Nicolas Dupont-Aignan,,3.5,20170419_bva,BVA,"Presse Régionale, Orange",2017-04-19,1427,Premier tour,
François Asselineau,,0.5,20170419_bva,BVA,"Presse Régionale, Orange",2017-04-19,1427,Premier tour,
Jacques Cheminade,,0.0,20170419_bva,BVA,"Presse Régionale, Orange",2017-04-19,1427,Premier tour,
Marine Le Pen,,23.0,20170419_bva,BVA,"Presse Régionale, Orange",2017-04-19,1427,Premier tour,
Nathalie Arthaud,,0.5,20170417_ipsos,Ipsos,"CEVIPOF, Le Monde",2017-04-17,11601,Premier tour,
Philippe Poutou,,1.5,20170417_ipsos,Ipsos,"CEVIPOF, Le Monde",2017-04-17,11601,Premier tour,
Jean-Luc Mélenchon,,19.0,20170417_ipsos,Ipsos,"CEVIPOF, Le Monde",2017-04-17,11601,Premier tour,
Benoît Hamon,,8.0,20170417_ipsos,Ipsos,"CEVIPOF, Le Monde",2017-04-17,11601,Premier tour,
Emmanuel Macron,,23.0,20170417_ipsos,Ipsos,"CEVIPOF, Le Monde",2017-04-17,11601,Premier tour,
Jean Lassalle,,1.0,20170417_ipsos,Ipsos,"CEVIPOF, Le Monde",2017-04-17,11601,Premier tour,
François Fillon,,19.5,20170417_ipsos,Ipsos,"CEVIPOF, Le Monde",2017-04-17,11601,Premier tour,
Nicolas Dupont-Aignan,,4.0,20170417_ipsos,Ipsos,"CEVIPOF, Le Monde",2017-04-17,11601,Premier tour,
François Asselineau,,1.0,20170417_ipsos,Ipsos,"CEVIPOF, Le Monde",2017-04-17,11601,Premier tour,
Jacques Cheminade,,0.0,20170417_ipsos,Ipsos,"CEVIPOF, Le Monde",2017-04-17,11601,Premier tour,
Marine Le Pen,,22.5,20170417_ipsos,Ipsos,"CEVIPOF, Le Monde",2017-04-17,11601,Premier tour,
Nathalie Arthaud,,0.5,20170417_kantar,Kantar Public,"LCI, RTL, Le Figaro",2017-04-17,1530,Premier tour,
Philippe Poutou,,2.0,20170417_kantar,Kantar Public,"LCI, RTL, Le Figaro",2017-04-17,1530,Premier tour,
Jean-Luc Mélenchon,,18.0,20170417_kantar,Kantar Public,"LCI, RTL, Le Figaro",2017-04-17,1530,Premier tour,
Benoît Hamon,,8.0,20170417_kantar,Kantar Public,"LCI, RTL, Le Figaro",2017-04-17,1530,Premier tour,
Emmanuel Macron,,24.0,20170417_kantar,Kantar Public,"LCI, RTL, Le Figaro",2017-04-17,1530,Premier tour,
Jean Lassalle,,1.0,20170417_kantar,Kantar Public,"LCI, RTL, Le Figaro",2017-04-17,1530,Premier tour,
François Fillon,,18.5,20170417_kantar,Kantar Public,"LCI, RTL, Le Figaro",2017-04-17,1530,Premier tour,
Nicolas Dupont-Aignan,,4.0,20170417_kantar,Kantar Public,"LCI, RTL, Le Figaro",2017-04-17,1530,Premier tour,
François Asselineau,,1.0,20170417_kantar,Kantar Public,"LCI, RTL, Le Figaro",2017-04-17,1530,Premier tour,
Jacques Cheminade,,0.0,20170417_kantar,Kantar Public,"LCI, RTL, Le Figaro",2017-04-17,1530,Premier tour,
Marine Le Pen,,23.0,20170417_kantar,Kantar Public,"LCI, RTL, Le Figaro",2017-04-17,1530,Premier tour,
Nathalie Arthaud,,0.5,20170417_elabe,Elabe,"BFM TV, L'Express",2017-04-17,1438,Premier tour,
Philippe Poutou,,2.0,20170417_elabe,Elabe,"BFM TV, L'Express",2017-04-17,1438,Premier tour,
Jean-Luc Mélenchon,,18.0,20170417_elabe,Elabe,"BFM TV, L'Express",2017-04-17,1438,Premier tour,
Benoît Hamon,,8.0,20170417_elabe,Elabe,"BFM TV, L'Express",2017-04-17,1438,Premier tour,
Emmanuel Macron,,24.0,20170417_elabe,Elabe,"BFM TV, L'Express",2017-04-17,1438,Premier tour,
Jean Lassalle,,0.5,20170417_elabe,Elabe,"BFM TV, L'Express",2017-04-17,1438,Premier tour,
François Fillon,,19.5,20170417_elabe,Elabe,"BFM TV, L'Express",2017-04-17,1438,Premier tour,
Nicolas Dupont-Aignan,,4.0,20170417_elabe,Elabe,"BFM TV, L'Express",2017-04-17,1438,Premier tour,
François Asselineau,,0.5,20170417_elabe,Elabe,"BFM TV, L'Express",2017-04-17,1438,Premier tour,
Jacques Cheminade,,0.0,20170417_elabe,Elabe,"BFM TV, L'Express",2017-04-17,1438,Premier tour,
Marine Le Pen,,23.0,20170417_elabe,Elabe,"BFM TV, L'Express",2017-04-17,1438,Premier tour,
Nathalie Arthaud,,1.0,20170414_bva,BVA,"Presse Régionale, Orange",2017-04-14,1493,Premier tour,
Philippe Poutou,,1.5,20170414_bva,BVA,"Presse Régionale, Orange",2017-04-14,1493,Premier tour,
Jean-Luc Mélenchon,,20.0,20170414_bva,BVA,"Presse Régionale, Orange",2017-04-14,1493,Premier tour,
Benoît Hamon,,7.5,20170414_bva,BVA,"Presse Régionale, Orange",2017-04-14,1493,Premier tour,
Emmanuel Macron,,23.0,20170414_bva,BVA,"Presse Régionale, Orange",2017-04-14,1493,Premier tour,
Jean Lassalle,,1.0,20170414_bva,BVA,"Presse Régionale, Orange",2017-04-14,1493,Premier tour,
François Fillon,,20.0,20170414_bva,BVA,"Presse Régionale, Orange",2017-04-14,1493,Premier tour,
Nicolas Dupont-Aignan,,3.0,20170414_bva,BVA,"Presse Régionale, Orange",2017-04-14,1493,Premier tour,
François Asselineau,,1.0,20170414_bva,BVA,"Presse Régionale, Orange",2017-04-14,1493,Premier tour,
Jacques Cheminade,,0.0,20170414_bva,BVA,"Presse Régionale, Orange",2017-04-14,1493,Premier tour,
Marine Le Pen,,22.0,20170414_bva,BVA,"Presse Régionale, Orange",2017-04-14,1493,Premier tour,
Nathalie Arthaud,,0.5,20170414_ifop,Ifop,"Paris Match, CNews, Sud Radio",2017-04-14,2776,Premier tour,
Philippe Poutou,,2.0,20170414_ifop,Ifop,"Paris Match, CNews, Sud Radio",2017-04-14,2776,Premier tour,
Jean-Luc Mélenchon,,19.0,20170414_ifop,Ifop,"Paris Match, CNews, Sud Radio",2017-04-14,2776,Premier tour,
Benoît Hamon,,8.0,20170414_ifop,Ifop,"Paris Match, CNews, Sud Radio",2017-04-14,2776,Premier tour,
Emmanuel Macron,,22.5,20170414_ifop,Ifop,"Paris Match, CNews, Sud Radio",2017-04-14,2776,Premier tour,
Jean Lassalle,,1.0,20170414_ifop,Ifop,"Paris Match, CNews, Sud Radio",2017-04-14,2776,Premier tour,
François Fillon,,19.0,20170414_ifop,Ifop,"Paris Match, CNews, Sud Radio",2017-04-14,2776,Premier tour,
Nicolas Dupont-Aignan,,4.0,20170414_ifop,Ifop,"Paris Match, CNews, Sud Radio",2017-04-14,2776,Premier tour,
François Asselineau,,1.0,20170414_ifop,Ifop,"Paris Match, CNews, Sud Radio",2017-04-14,2776,Premier tour,
Jacques Cheminade,,0.0,20170414_ifop,Ifop,"Paris Match, CNews, Sud Radio",2017-04-14,2776,Premier tour,
Marine Le Pen,,23.0,20170414_ifop,Ifop,"Paris Match, CNews, Sud Radio",2017-04-14,2776,Premier tour,
Nathalie Arthaud,,0.0,20170413_harris,Harris Interactive,LCP,2017-04-13,904,Premier tour,
Philippe Poutou,,1.0,20170413_harris,Harris Interactive,LCP,2017-04-13,904,Premier tour,
Jean-Luc Mélenchon,,19.0,20170413_harris,Harris Interactive,LCP,2017-04-13,904,Premier tour,
Benoît Hamon,,8.0,20170413_harris,Harris Interactive,LCP,2017-04-13,904,Premier tour,
Emmanuel Macron,,24.0,20170413_harris,Harris Interactive,LCP,2017-04-13,904,Premier tour,
Jean Lassalle,,1.0,20170413_harris,Harris Interactive,LCP,2017-04-13,904,Premier tour,
François Fillon,,20.0,20170413_harris,Harris Interactive,LCP,2017-04-13,904,Premier tour,
Nicolas Dupont-Aignan,,4.0,20170413_harris,Harris Interactive,LCP,2017-04-13,904,Premier tour,
Jacques Cheminade,,0.0,20170413_harris,Harris Interactive,LCP,2017-04-13,904,Premier tour,
François Asselineau,,1.0,20170413_harris,Harris Interactive,LCP,2017-04-13,904,Premier tour,
Marine Le Pen,,22.0,20170413_harris,Harris Interactive,LCP,2017-04-13,904,Premier tour,
Nathalie Arthaud,,0.5,20170413_ipsos,Ipsos,Le Monde,2017-04-13,1509,Premier tour,
Philippe Poutou,,2.0,20170413_ipsos,Ipsos,Le Monde,2017-04-13,1509,Premier tour,
Jean-Luc Mélenchon,,20.0,20170413_ipsos,Ipsos,Le Monde,2017-04-13,1509,Premier tour,
Benoît Hamon,,7.5,20170413_ipsos,Ipsos,Le Monde,2017-04-13,1509,Premier tour,
Emmanuel Macron,,22.0,20170413_ipsos,Ipsos,Le Monde,2017-04-13,1509,Premier tour,
Jean Lassalle,,1.5,20170413_ipsos,Ipsos,Le Monde,2017-04-13,1509,Premier tour,
François Fillon,,19.0,20170413_ipsos,Ipsos,Le Monde,2017-04-13,1509,Premier tour,
Nicolas Dupont-Aignan,,3.5,20170413_ipsos,Ipsos,Le Monde,2017-04-13,1509,Premier tour,
François Asselineau,,1.5,20170413_ipsos,Ipsos,Le Monde,2017-04-13,1509,Premier tour,
Jacques Cheminade,,0.5,20170413_ipsos,Ipsos,Le Monde,2017-04-13,1509,Premier tour,
Marine Le Pen,,22.0,20170413_ipsos,Ipsos,Le Monde,2017-04-13,1509,Premier tour,
Nathalie Arthaud,,0.0,20170413_odoxa,Odoxa,Le Point,2017-04-13,950,Premier tour,
Philippe Poutou,,1.5,20170413_odoxa,Odoxa,Le Point,2017-04-13,950,Premier tour,
Jean-Luc Mélenchon,,19.0,20170413_odoxa,Odoxa,Le Point,2017-04-13,950,Premier tour,
Benoît Hamon,,8.0,20170413_odoxa,Odoxa,Le Point,2017-04-13,950,Premier tour,
Emmanuel Macron,,24.5,20170413_odoxa,Odoxa,Le Point,2017-04-13,950,Premier tour,
Jean Lassalle,,1.5,20170413_odoxa,Odoxa,Le Point,2017-04-13,950,Premier tour,
François Fillon,,18.5,20170413_odoxa,Odoxa,Le Point,2017-04-13,950,Premier tour,
Nicolas Dupont-Aignan,,3.5,20170413_odoxa,Odoxa,Le Point,2017-04-13,950,Premier tour,
François Asselineau,,0.5,20170413_odoxa,Odoxa,Le Point,2017-04-13,950,Premier tour,
Jacques Cheminade,,0.0,20170413_odoxa,Odoxa,Le Point,2017-04-13,950,Premier tour,
Marine Le Pen,,23.0,20170413_odoxa,Odoxa,Le Point,2017-04-13,950,Premier tour,
Nathalie Arthaud,,0.0,20170413_opinionway,Opinion Way,"Orpi, Les Echos, Radio Classique",2017-04-13,1443,Premier tour,
Philippe Poutou,,2.0,20170413_opinionway,Opinion Way,"Orpi, Les Echos, Radio Classique",2017-04-13,1443,Premier tour,
Jean-Luc Mélenchon,,17.0,20170413_opinionway,Opinion Way,"Orpi, Les Echos, Radio Classique",2017-04-13,1443,Premier tour,
Benoît Hamon,,9.0,20170413_opinionway,Opinion Way,"Orpi, Les Echos, Radio Classique",2017-04-13,1443,Premier tour,
Emmanuel Macron,,22.0,20170413_opinionway,Opinion Way,"Orpi, Les Echos, Radio Classique",2017-04-13,1443,Premier tour,
Jean Lassalle,,2.0,20170413_opinionway,Opinion Way,"Orpi, Les Echos, Radio Classique",2017-04-13,1443,Premier tour,
François Fillon,,20.0,20170413_opinionway,Opinion Way,"Orpi, Les Echos, Radio Classique",2017-04-13,1443,Premier tour,
Nicolas Dupont-Aignan,,3.0,20170413_opinionway,Opinion Way,"Orpi, Les Echos, Radio Classique",2017-04-13,1443,Premier tour,
François Asselineau,,2.0,20170413_opinionway,Opinion Way,"Orpi, Les Echos, Radio Classique",2017-04-13,1443,Premier tour,
Jacques Cheminade,,0.0,20170413_opinionway,Opinion Way,"Orpi, Les Echos, Radio Classique",2017-04-13,1443,Premier tour,
Marine Le Pen,,23.0,20170413_opinionway,Opinion Way,"Orpi, Les Echos, Radio Classique",2017-04-13,1443,Premier tour,
Nathalie Arthaud,,0.5,20170412_elabe,Elabe,"Les Echos, Radio Classique",2017-04-12,1010,Premier tour,
Philippe Poutou,,2.0,20170412_elabe,Elabe,"Les Echos, Radio Classique",2017-04-12,1010,Premier tour,
Jean-Luc Mélenchon,,18.5,20170412_elabe,Elabe,"Les Echos, Radio Classique",2017-04-12,1010,Premier tour,
Benoît Hamon,,9.0,20170412_elabe,Elabe,"Les Echos, Radio Classique",2017-04-12,1010,Premier tour,
Emmanuel Macron,,23.5,20170412_elabe,Elabe,"Les Echos, Radio Classique",2017-04-12,1010,Premier tour,
Jean Lassalle,,0.5,20170412_elabe,Elabe,"Les Echos, Radio Classique",2017-04-12,1010,Premier tour,
François Fillon,,20.0,20170412_elabe,Elabe,"Les Echos, Radio Classique",2017-04-12,1010,Premier tour,
Nicolas Dupont-Aignan,,3.0,20170412_elabe,Elabe,"Les Echos, Radio Classique",2017-04-12,1010,Premier tour,
François Asselineau,,0.5,20170412_elabe,Elabe,"Les Echos, Radio Classique",2017-04-12,1010,Premier tour,
Jacques Cheminade,,0.0,20170412_elabe,Elabe,"Les Echos, Radio Classique",2017-04-12,1010,Premier tour,
Marine Le Pen,,22.5,20170412_elabe,Elabe,"Les Echos, Radio Classique",2017-04-12,1010,Premier tour,
Nathalie Arthaud,,0.5,20170411_ifop,Ifop,"Paris Match, CNews, Sud Radio",2017-04-11,2806,Premier tour,
Philippe Poutou,,1.5,20170411_ifop,Ifop,"Paris Match, CNews, Sud Radio",2017-04-11,2806,Premier tour,
Jean-Luc Mélenchon,,18.5,20170411_ifop,Ifop,"Paris Match, CNews, Sud Radio",2017-04-11,2806,Premier tour,
Benoît Hamon,,8.5,20170411_ifop,Ifop,"Paris Match, CNews, Sud Radio",2017-04-11,2806,Premier tour,
Emmanuel Macron,,23.0,20170411_ifop,Ifop,"Paris Match, CNews, Sud Radio",2017-04-11,2806,Premier tour,
Jean Lassalle,,1.0,20170411_ifop,Ifop,"Paris Match, CNews, Sud Radio",2017-04-11,2806,Premier tour,
François Fillon,,19.0,20170411_ifop,Ifop,"Paris Match, CNews, Sud Radio",2017-04-11,2806,Premier tour,
Nicolas Dupont-Aignan,,3.5,20170411_ifop,Ifop,"Paris Match, CNews, Sud Radio",2017-04-11,2806,Premier tour,
François Asselineau,,0.5,20170411_ifop,Ifop,"Paris Match, CNews, Sud Radio",2017-04-11,2806,Premier tour,
Jacques Cheminade,,0.0,20170411_ifop,Ifop,"Paris Match, CNews, Sud Radio",2017-04-11,2806,Premier tour,
Marine Le Pen,,24.0,20170411_ifop,Ifop,"Paris Match, CNews, Sud Radio",2017-04-11,2806,Premier tour,
Nathalie Arthaud,,1.0,20170409_ipsos,Ipsos,"France Télévisions, Radio France",2017-04-09,1604,Premier tour,
Philippe Poutou,,1.5,20170409_ipsos,Ipsos,"France Télévisions, Radio France",2017-04-09,1604,Premier tour,
Jean-Luc Mélenchon,,18.5,20170409_ipsos,Ipsos,"France Télévisions, Radio France",2017-04-09,1604,Premier tour,
Benoît Hamon,,8.0,20170409_ipsos,Ipsos,"France Télévisions, Radio France",2017-04-09,1604,Premier tour,
Emmanuel Macron,,24.0,20170409_ipsos,Ipsos,"France Télévisions, Radio France",2017-04-09,1604,Premier tour,
Jean Lassalle,,0.5,20170409_ipsos,Ipsos,"France Télévisions, Radio France",2017-04-09,1604,Premier tour,
François Fillon,,18.0,20170409_ipsos,Ipsos,"France Télévisions, Radio France",2017-04-09,1604,Premier tour,
Nicolas Dupont-Aignan,,3.5,20170409_ipsos,Ipsos,"France Télévisions, Radio France",2017-04-09,1604,Premier tour,
François Asselineau,,1.0,20170409_ipsos,Ipsos,"France Télévisions, Radio France",2017-04-09,1604,Premier tour,
Jacques Cheminade,,0.0,20170409_ipsos,Ipsos,"France Télévisions, Radio France",2017-04-09,1604,Premier tour,
Marine Le Pen,,24.0,20170409_ipsos,Ipsos,"France Télévisions, Radio France",2017-04-09,1604,Premier tour,
Nathalie Arthaud,,1.0,20170407_bva,BVA,"Presse Régionale, Orange",2017-04-07,1421,Premier tour,
Philippe Poutou,,1.5,20170407_bva,BVA,"Presse Régionale, Orange",2017-04-07,1421,Premier tour,
Jean-Luc Mélenchon,,19.0,20170407_bva,BVA,"Presse Régionale, Orange",2017-04-07,1421,Premier tour,
Benoît Hamon,,8.5,20170407_bva,BVA,"Presse Régionale, Orange",2017-04-07,1421,Premier tour,
Emmanuel Macron,,23.0,20170407_bva,BVA,"Presse Régionale, Orange",2017-04-07,1421,Premier tour,
Jean Lassalle,,1.0,20170407_bva,BVA,"Presse Régionale, Orange",2017-04-07,1421,Premier tour,
François Fillon,,19.0,20170407_bva,BVA,"Presse Régionale, Orange",2017-04-07,1421,Premier tour,
Nicolas Dupont-Aignan,,3.5,20170407_bva,BVA,"Presse Régionale, Orange",2017-04-07,1421,Premier tour,
François Asselineau,,0.5,20170407_bva,BVA,"Presse Régionale, Orange",2017-04-07,1421,Premier tour,
Jacques Cheminade,,0.0,20170407_bva,BVA,"Presse Régionale, Orange",2017-04-07,1421,Premier tour,
Marine Le Pen,,23.0,20170407_bva,BVA,"Presse Régionale, Orange",2017-04-07,1421,Premier tour,
Nathalie Arthaud,,0.5,20170407_kantar,Kantar Public,"LCI, RTL, Le Figaro",2017-04-07,1515,Premier tour,
Philippe Poutou,,2.5,20170407_kantar,Kantar Public,"LCI, RTL, Le Figaro",2017-04-07,1515,Premier tour,
Jean-Luc Mélenchon,,18.0,20170407_kantar,Kantar Public,"LCI, RTL, Le Figaro",2017-04-07,1515,Premier tour,
Benoît Hamon,,9.0,20170407_kantar,Kantar Public,"LCI, RTL, Le Figaro",2017-04-07,1515,Premier tour,
Emmanuel Macron,,24.0,20170407_kantar,Kantar Public,"LCI, RTL, Le Figaro",2017-04-07,1515,Premier tour,
Jean Lassalle,,0.5,20170407_kantar,Kantar Public,"LCI, RTL, Le Figaro",2017-04-07,1515,Premier tour,
François Fillon,,17.0,20170407_kantar,Kantar Public,"LCI, RTL, Le Figaro",2017-04-07,1515,Premier tour,
Nicolas Dupont-Aignan,,3.5,20170407_kantar,Kantar Public,"LCI, RTL, Le Figaro",2017-04-07,1515,Premier tour,
François Asselineau,,1.0,20170407_kantar,Kantar Public,"LCI, RTL, Le Figaro",2017-04-07,1515,Premier tour,
Jacques Cheminade,,0.0,20170407_kantar,Kantar Public,"LCI, RTL, Le Figaro",2017-04-07,1515,Premier tour,
Marine Le Pen,,24.0,20170407_kantar,Kantar Public,"LCI, RTL, Le Figaro",2017-04-07,1515,Premier tour,
Nathalie Arthaud,,1.0,20170406_harris,Harris Interactive,LCP,2017-04-06,928,Premier tour,
Philippe Poutou,,1.0,20170406_harris,Harris Interactive,LCP,2017-04-06,928,Premier tour,
Jean-Luc Mélenchon,,18.0,20170406_harris,Harris Interactive,LCP,2017-04-06,928,Premier tour,
Benoît Hamon,,9.0,20170406_harris,Harris Interactive,LCP,2017-04-06,928,Premier tour,
Emmanuel Macron,,24.0,20170406_harris,Harris Interactive,LCP,2017-04-06,928,Premier tour,
Jean Lassalle,,1.0,20170406_harris,Harris Interactive,LCP,2017-04-06,928,Premier tour,
François Fillon,,19.0,20170406_harris,Harris Interactive,LCP,2017-04-06,928,Premier tour,
Nicolas Dupont-Aignan,,3.0,20170406_harris,Harris Interactive,LCP,2017-04-06,928,Premier tour,
Jacques Cheminade,,0.0,20170406_harris,Harris Interactive,LCP,2017-04-06,928,Premier tour,
François Asselineau,,1.0,20170406_harris,Harris Interactive,LCP,2017-04-06,928,Premier tour,
Marine Le Pen,,23.0,20170406_harris,Harris Interactive,LCP,2017-04-06,928,Premier tour,
Nathalie Arthaud,,0.0,20170406_opinionway,Opinion Way,"Orpi, Les Echos, Radio Classique",2017-04-06,1589,Premier tour,
Philippe Poutou,,2.0,20170406_opinionway,Opinion Way,"Orpi, Les Echos, Radio Classique",2017-04-06,1589,Premier tour,
Jean-Luc Mélenchon,,16.0,20170406_opinionway,Opinion Way,"Orpi, Les Echos, Radio Classique",2017-04-06,1589,Premier tour,
Benoît Hamon,,10.0,20170406_opinionway,Opinion Way,"Orpi, Les Echos, Radio Classique",2017-04-06,1589,Premier tour,
Emmanuel Macron,,24.0,20170406_opinionway,Opinion Way,"Orpi, Les Echos, Radio Classique",2017-04-06,1589,Premier tour,
Jean Lassalle,,0.0,20170406_opinionway,Opinion Way,"Orpi, Les Echos, Radio Classique",2017-04-06,1589,Premier tour,
François Fillon,,20.0,20170406_opinionway,Opinion Way,"Orpi, Les Echos, Radio Classique",2017-04-06,1589,Premier tour,
Nicolas Dupont-Aignan,,3.0,20170406_opinionway,Opinion Way,"Orpi, Les Echos, Radio Classique",2017-04-06,1589,Premier tour,
François Asselineau,,0.0,20170406_opinionway,Opinion Way,"Orpi, Les Echos, Radio Classique",2017-04-06,1589,Premier tour,
Jacques Cheminade,,0.0,20170406_opinionway,Opinion Way,"Orpi, Les Echos, Radio Classique",2017-04-06,1589,Premier tour,
Marine Le Pen,,25.0,20170406_opinionway,Opinion Way,"Orpi, Les Echos, Radio Classique",2017-04-06,1589,Premier tour,
Nathalie Arthaud,,0.5,20170406_ifop,Ifop,"Paris Match, CNews, Sud Radio",2017-04-06,2243,Premier tour,
Philippe Poutou,,1.0,20170406_ifop,Ifop,"Paris Match, CNews, Sud Radio",2017-04-06,2243,Premier tour,
Jean-Luc Mélenchon,,16.5,20170406_ifop,Ifop,"Paris Match, CNews, Sud Radio",2017-04-06,2243,Premier tour,
Benoît Hamon,,9.5,20170406_ifop,Ifop,"Paris Match, CNews, Sud Radio",2017-04-06,2243,Premier tour,
Emmanuel Macron,,24.0,20170406_ifop,Ifop,"Paris Match, CNews, Sud Radio",2017-04-06,2243,Premier tour,
Jean Lassalle,,1.0,20170406_ifop,Ifop,"Paris Match, CNews, Sud Radio",2017-04-06,2243,Premier tour,
François Fillon,,18.5,20170406_ifop,Ifop,"Paris Match, CNews, Sud Radio",2017-04-06,2243,Premier tour,
Nicolas Dupont-Aignan,,4.5,20170406_ifop,Ifop,"Paris Match, CNews, Sud Radio",2017-04-06,2243,Premier tour,
François Asselineau,,0.0,20170406_ifop,Ifop,"Paris Match, CNews, Sud Radio",2017-04-06,2243,Premier tour,
Jacques Cheminade,,0.0,20170406_ifop,Ifop,"Paris Match, CNews, Sud Radio",2017-04-06,2243,Premier tour,
Marine Le Pen,,24.5,20170406_ifop,Ifop,"Paris Match, CNews, Sud Radio",2017-04-06,2243,Premier tour,
Nathalie Arthaud,,1.0,20170405_harris,Harris Interactive,"France Télévisions, L'Émission Politique",2017-04-05,2097,Premier tour,
Philippe Poutou,,1.0,20170405_harris,Harris Interactive,"France Télévisions, L'Émission Politique",2017-04-05,2097,Premier tour,
Jean-Luc Mélenchon,,17.0,20170405_harris,Harris Interactive,"France Télévisions, L'Émission Politique",2017-04-05,2097,Premier tour,
Benoît Hamon,,9.0,20170405_harris,Harris Interactive,"France Télévisions, L'Émission Politique",2017-04-05,2097,Premier tour,
Emmanuel Macron,,25.0,20170405_harris,Harris Interactive,"France Télévisions, L'Émission Politique",2017-04-05,2097,Premier tour,
Jean Lassalle,,1.0,20170405_harris,Harris Interactive,"France Télévisions, L'Émission Politique",2017-04-05,2097,Premier tour,
François Fillon,,18.0,20170405_harris,Harris Interactive,"France Télévisions, L'Émission Politique",2017-04-05,2097,Premier tour,
Nicolas Dupont-Aignan,,3.0,20170405_harris,Harris Interactive,"France Télévisions, L'Émission Politique",2017-04-05,2097,Premier tour,
Jacques Cheminade,,0.0,20170405_harris,Harris Interactive,"France Télévisions, L'Émission Politique",2017-04-05,2097,Premier tour,
François Asselineau,,1.0,20170405_harris,Harris Interactive,"France Télévisions, L'Émission Politique",2017-04-05,2097,Premier tour,
Marine Le Pen,,24.0,20170405_harris,Harris Interactive,"France Télévisions, L'Émission Politique",2017-04-05,2097,Premier tour,
Nathalie Arthaud,,1.0,20170405_elabe,Elabe,"L'Express, BFM TV",2017-04-05,995,Premier tour,
Philippe Poutou,,1.5,20170405_elabe,Elabe,"L'Express, BFM TV",2017-04-05,995,Premier tour,
Jean-Luc Mélenchon,,17.0,20170405_elabe,Elabe,"L'Express, BFM TV",2017-04-05,995,Premier tour,
Benoît Hamon,,9.0,20170405_elabe,Elabe,"L'Express, BFM TV",2017-04-05,995,Premier tour,
Emmanuel Macron,,23.5,20170405_elabe,Elabe,"L'Express, BFM TV",2017-04-05,995,Premier tour,
Jean Lassalle,,1.0,20170405_elabe,Elabe,"L'Express, BFM TV",2017-04-05,995,Premier tour,
François Fillon,,19.0,20170405_elabe,Elabe,"L'Express, BFM TV",2017-04-05,995,Premier tour,
Nicolas Dupont-Aignan,,4.5,20170405_elabe,Elabe,"L'Express, BFM TV",2017-04-05,995,Premier tour,
François Asselineau,,0.0,20170405_elabe,Elabe,"L'Express, BFM TV",2017-04-05,995,Premier tour,
Jacques Cheminade,,0.0,20170405_elabe,Elabe,"L'Express, BFM TV",2017-04-05,995,Premier tour,
Marine Le Pen,,23.5,20170405_elabe,Elabe,"L'Express, BFM TV",2017-04-05,995,Premier tour,
Nathalie Arthaud,,0.5,20170405_odoxa,Odoxa,Le Point,2017-04-05,955,Premier tour,
Philippe Poutou,,2.0,20170405_odoxa,Odoxa,Le Point,2017-04-05,955,Premier tour,
Jean-Luc Mélenchon,,18.0,20170405_odoxa,Odoxa,Le Point,2017-04-05,955,Premier tour,
Benoît Hamon,,9.0,20170405_odoxa,Odoxa,Le Point,2017-04-05,955,Premier tour,
Emmanuel Macron,,23.5,20170405_odoxa,Odoxa,Le Point,2017-04-05,955,Premier tour,
Jean Lassalle,,0.5,20170405_odoxa,Odoxa,Le Point,2017-04-05,955,Premier tour,
François Fillon,,18.5,20170405_odoxa,Odoxa,Le Point,2017-04-05,955,Premier tour,
Nicolas Dupont-Aignan,,4.0,20170405_odoxa,Odoxa,Le Point,2017-04-05,955,Premier tour,
François Asselineau,,1.0,20170405_odoxa,Odoxa,Le Point,2017-04-05,955,Premier tour,
Jacques Cheminade,,0.0,20170405_odoxa,Odoxa,Le Point,2017-04-05,955,Premier tour,
Marine Le Pen,,23.0,20170405_odoxa,Odoxa,Le Point,2017-04-05,955,Premier tour,
Nathalie Arthaud,,0.5,20170403_ifop,Ifop,"Paris Match, CNews, Sud Radio",2017-04-03,2232,Premier tour,
Philippe Poutou,,0.5,20170403_ifop,Ifop,"Paris Match, CNews, Sud Radio",2017-04-03,2232,Premier tour,
Jean-Luc Mélenchon,,15.0,20170403_ifop,Ifop,"Paris Match, CNews, Sud Radio",2017-04-03,2232,Premier tour,
Benoît Hamon,,10.0,20170403_ifop,Ifop,"Paris Match, CNews, Sud Radio",2017-04-03,2232,Premier tour,
Emmanuel Macron,,26.0,20170403_ifop,Ifop,"Paris Match, CNews, Sud Radio",2017-04-03,2232,Premier tour,
Jean Lassalle,,1.0,20170403_ifop,Ifop,"Paris Match, CNews, Sud Radio",2017-04-03,2232,Premier tour,
François Fillon,,17.0,20170403_ifop,Ifop,"Paris Match, CNews, Sud Radio",2017-04-03,2232,Premier tour,
Nicolas Dupont-Aignan,,4.0,20170403_ifop,Ifop,"Paris Match, CNews, Sud Radio",2017-04-03,2232,Premier tour,
François Asselineau,,0.5,20170403_ifop,Ifop,"Paris Match, CNews, Sud Radio",2017-04-03,2232,Premier tour,
Jacques Cheminade,,0.0,20170403_ifop,Ifop,"Paris Match, CNews, Sud Radio",2017-04-03,2232,Premier tour,
Marine Le Pen,,25.5,20170403_ifop,Ifop,"Paris Match, CNews, Sud Radio",2017-04-03,2232,Premier tour,
Nathalie Arthaud,,1.0,20170402_ipsos,Ipsos,"CEVIPOF, Le Monde",2017-04-02,14300,Premier tour,
Philippe Poutou,,1.0,20170402_ipsos,Ipsos,"CEVIPOF, Le Monde",2017-04-02,14300,Premier tour,
Jean-Luc Mélenchon,,15.0,20170402_ipsos,Ipsos,"CEVIPOF, Le Monde",2017-04-02,14300,Premier tour,
Benoît Hamon,,10.0,20170402_ipsos,Ipsos,"CEVIPOF, Le Monde",2017-04-02,14300,Premier tour,
Emmanuel Macron,,25.0,20170402_ipsos,Ipsos,"CEVIPOF, Le Monde",2017-04-02,14300,Premier tour,
Jean Lassalle,,1.0,20170402_ipsos,Ipsos,"CEVIPOF, Le Monde",2017-04-02,14300,Premier tour,
François Fillon,,17.5,20170402_ipsos,Ipsos,"CEVIPOF, Le Monde",2017-04-02,14300,Premier tour,
Nicolas Dupont-Aignan,,4.0,20170402_ipsos,Ipsos,"CEVIPOF, Le Monde",2017-04-02,14300,Premier tour,
François Asselineau,,0.5,20170402_ipsos,Ipsos,"CEVIPOF, Le Monde",2017-04-02,14300,Premier tour,
Jacques Cheminade,,0.0,20170402_ipsos,Ipsos,"CEVIPOF, Le Monde",2017-04-02,14300,Premier tour,
Marine Le Pen,,25.0,20170402_ipsos,Ipsos,"CEVIPOF, Le Monde",2017-04-02,14300,Premier tour,
Nathalie Arthaud,,1.0,20170330_bva,BVA,"Presse Régionale, Orange",2017-03-30,1418,Premier tour,
Philippe Poutou,,0.5,20170330_bva,BVA,"Presse Régionale, Orange",2017-03-30,1418,Premier tour,
Jean-Luc Mélenchon,,15.0,20170330_bva,BVA,"Presse Régionale, Orange",2017-03-30,1418,Premier tour,
Benoît Hamon,,11.5,20170330_bva,BVA,"Presse Régionale, Orange",2017-03-30,1418,Premier tour,
Emmanuel Macron,,25.0,20170330_bva,BVA,"Presse Régionale, Orange",2017-03-30,1418,Premier tour,
Jean Lassalle,,0.5,20170330_bva,BVA,"Presse Régionale, Orange",2017-03-30,1418,Premier tour,
François Fillon,,19.0,20170330_bva,BVA,"Presse Régionale, Orange",2017-03-30,1418,Premier tour,
Nicolas Dupont-Aignan,,3.0,20170330_bva,BVA,"Presse Régionale, Orange",2017-03-30,1418,Premier tour,
François Asselineau,,0.5,20170330_bva,BVA,"Presse Régionale, Orange",2017-03-30,1418,Premier tour,
Jacques Cheminade,,0.0,20170330_bva,BVA,"Presse Régionale, Orange",2017-03-30,1418,Premier tour,
Marine Le Pen,,24.0,20170330_bva,BVA,"Presse Régionale, Orange",2017-03-30,1418,Premier tour,
Nathalie Arthaud,,0.0,20170330_odoxa,Odoxa,Le Point,2017-03-30,969,Premier tour,
Philippe Poutou,,1.5,20170330_odoxa,Odoxa,Le Point,2017-03-30,969,Premier tour,
Jean-Luc Mélenchon,,16.0,20170330_odoxa,Odoxa,Le Point,2017-03-30,969,Premier tour,
Benoît Hamon,,8.0,20170330_odoxa,Odoxa,Le Point,2017-03-30,969,Premier tour,
Emmanuel Macron,,26.0,20170330_odoxa,Odoxa,Le Point,2017-03-30,969,Premier tour,
Jean Lassalle,,1.0,20170330_odoxa,Odoxa,Le Point,2017-03-30,969,Premier tour,
François Fillon,,17.0,20170330_odoxa,Odoxa,Le Point,2017-03-30,969,Premier tour,
Nicolas Dupont-Aignan,,5.0,20170330_odoxa,Odoxa,Le Point,2017-03-30,969,Premier tour,
François Asselineau,,0.5,20170330_odoxa,Odoxa,Le Point,2017-03-30,969,Premier tour,
Jacques Cheminade,,0.0,20170330_odoxa,Odoxa,Le Point,2017-03-30,969,Premier tour,
Marine Le Pen,,25.0,20170330_odoxa,Odoxa,Le Point,2017-03-30,969,Premier tour,
Nathalie Arthaud,,0.0,20170330_opinionway,Opinion Way,"Orpi, Les Echos, Radio Classique",2017-03-30,1609,Premier tour,
Philippe Poutou,,1.0,20170330_opinionway,Opinion Way,"Orpi, Les Echos, Radio Classique",2017-03-30,1609,Premier tour,
Jean-Luc Mélenchon,,15.0,20170330_opinionway,Opinion Way,"Orpi, Les Echos, Radio Classique",2017-03-30,1609,Premier tour,
Benoît Hamon,,11.0,20170330_opinionway,Opinion Way,"Orpi, Les Echos, Radio Classique",2017-03-30,1609,Premier tour,
Emmanuel Macron,,24.0,20170330_opinionway,Opinion Way,"Orpi, Les Echos, Radio Classique",2017-03-30,1609,Premier tour,
Jean Lassalle,,1.0,20170330_opinionway,Opinion Way,"Orpi, Les Echos, Radio Classique",2017-03-30,1609,Premier tour,
François Fillon,,19.0,20170330_opinionway,Opinion Way,"Orpi, Les Echos, Radio Classique",2017-03-30,1609,Premier tour,
Nicolas Dupont-Aignan,,4.0,20170330_opinionway,Opinion Way,"Orpi, Les Echos, Radio Classique",2017-03-30,1609,Premier tour,
François Asselineau,,1.0,20170330_opinionway,Opinion Way,"Orpi, Les Echos, Radio Classique",2017-03-30,1609,Premier tour,
Jacques Cheminade,,0.0,20170330_opinionway,Opinion Way,"Orpi, Les Echos, Radio Classique",2017-03-30,1609,Premier tour,
Marine Le Pen,,24.0,20170330_opinionway,Opinion Way,"Orpi, Les Echos, Radio Classique",2017-03-30,1609,Premier tour,
Nathalie Arthaud,,0.5,20170329_ifop,Ifop,"Paris Match, CNews, Sud Radio",2017-03-29,2241,Premier tour,
Philippe Poutou,,0.5,20170329_ifop,Ifop,"Paris Match, CNews, Sud Radio",2017-03-29,2241,Premier tour,
Jean-Luc Mélenchon,,14.0,20170329_ifop,Ifop,"Paris Match, CNews, Sud Radio",2017-03-29,2241,Premier tour,
Benoît Hamon,,10.0,20170329_ifop,Ifop,"Paris Match, CNews, Sud Radio",2017-03-29,2241,Premier tour,
Emmanuel Macron,,26.0,20170329_ifop,Ifop,"Paris Match, CNews, Sud Radio",2017-03-29,2241,Premier tour,
Jean Lassalle,,1.0,20170329_ifop,Ifop,"Paris Match, CNews, Sud Radio",2017-03-29,2241,Premier tour,
François Fillon,,17.5,20170329_ifop,Ifop,"Paris Match, CNews, Sud Radio",2017-03-29,2241,Premier tour,
Nicolas Dupont-Aignan,,4.5,20170329_ifop,Ifop,"Paris Match, CNews, Sud Radio",2017-03-29,2241,Premier tour,
François Asselineau,,0.5,20170329_ifop,Ifop,"Paris Match, CNews, Sud Radio",2017-03-29,2241,Premier tour,
Jacques Cheminade,,0.0,20170329_ifop,Ifop,"Paris Match, CNews, Sud Radio",2017-03-29,2241,Premier tour,
Marine Le Pen,,25.5,20170329_ifop,Ifop,"Paris Match, CNews, Sud Radio",2017-03-29,2241,Premier tour,
Nathalie Arthaud,,0.5,20170329_elabe,Elabe,"L'Express, BFM TV",2017-03-29,998,Premier tour,
Philippe Poutou,,0.5,20170329_elabe,Elabe,"L'Express, BFM TV",2017-03-29,998,Premier tour,
Jean-Luc Mélenchon,,15.0,20170329_elabe,Elabe,"L'Express, BFM TV",2017-03-29,998,Premier tour,
Benoît Hamon,,10.0,20170329_elabe,Elabe,"L'Express, BFM TV",2017-03-29,998,Premier tour,
Emmanuel Macron,,25.5,20170329_elabe,Elabe,"L'Express, BFM TV",2017-03-29,998,Premier tour,
Jean Lassalle,,1.0,20170329_elabe,Elabe,"L'Express, BFM TV",2017-03-29,998,Premier tour,
François Fillon,,18.0,20170329_elabe,Elabe,"L'Express, BFM TV",2017-03-29,998,Premier tour,
Nicolas Dupont-Aignan,,4.5,20170329_elabe,Elabe,"L'Express, BFM TV",2017-03-29,998,Premier tour,
François Asselineau,,0.5,20170329_elabe,Elabe,"L'Express, BFM TV",2017-03-29,998,Premier tour,
Jacques Cheminade,,0.5,20170329_elabe,Elabe,"L'Express, BFM TV",2017-03-29,998,Premier tour,
Marine Le Pen,,24.0,20170329_elabe,Elabe,"L'Express, BFM TV",2017-03-29,998,Premier tour,
Nathalie Arthaud,,1.0,20170327_ipsos,Ipsos,"France Télévisions, Radio France",2017-03-27,1005,Premier tour,
Philippe Poutou,,1.0,20170327_ipsos,Ipsos,"France Télévisions, Radio France",2017-03-27,1005,Premier tour,
Jean-Luc Mélenchon,,14.0,20170327_ipsos,Ipsos,"France Télévisions, Radio France",2017-03-27,1005,Premier tour,
Benoît Hamon,,12.0,20170327_ipsos,Ipsos,"France Télévisions, Radio France",2017-03-27,1005,Premier tour,
Emmanuel Macron,,24.0,20170327_ipsos,Ipsos,"France Télévisions, Radio France",2017-03-27,1005,Premier tour,
Jean Lassalle,,1.0,20170327_ipsos,Ipsos,"France Télévisions, Radio France",2017-03-27,1005,Premier tour,
François Fillon,,18.0,20170327_ipsos,Ipsos,"France Télévisions, Radio France",2017-03-27,1005,Premier tour,
Nicolas Dupont-Aignan,,3.5,20170327_ipsos,Ipsos,"France Télévisions, Radio France",2017-03-27,1005,Premier tour,
François Asselineau,,0.5,20170327_ipsos,Ipsos,"France Télévisions, Radio France",2017-03-27,1005,Premier tour,
Jacques Cheminade,,0.0,20170327_ipsos,Ipsos,"France Télévisions, Radio France",2017-03-27,1005,Premier tour,
Marine Le Pen,,25.0,20170327_ipsos,Ipsos,"France Télévisions, Radio France",2017-03-27,1005,Premier tour,
Nathalie Arthaud,,0.5,20170324_bva,BVA,"Presse Régionale, Orange",2017-03-24,1431,Premier tour,
Philippe Poutou,,0.5,20170324_bva,BVA,"Presse Régionale, Orange",2017-03-24,1431,Premier tour,
Jean-Luc Mélenchon,,14.0,20170324_bva,BVA,"Presse Régionale, Orange",2017-03-24,1431,Premier tour,
Benoît Hamon,,11.5,20170324_bva,BVA,"Presse Régionale, Orange",2017-03-24,1431,Premier tour,
Emmanuel Macron,,26.0,20170324_bva,BVA,"Presse Régionale, Orange",2017-03-24,1431,Premier tour,
Jean Lassalle,,1.0,20170324_bva,BVA,"Presse Régionale, Orange",2017-03-24,1431,Premier tour,
François Fillon,,17.0,20170324_bva,BVA,"Presse Régionale, Orange",2017-03-24,1431,Premier tour,
Nicolas Dupont-Aignan,,4.0,20170324_bva,BVA,"Presse Régionale, Orange",2017-03-24,1431,Premier tour,
François Asselineau,,0.5,20170324_bva,BVA,"Presse Régionale, Orange",2017-03-24,1431,Premier tour,
Jacques Cheminade,,0.0,20170324_bva,BVA,"Presse Régionale, Orange",2017-03-24,1431,Premier tour,
Marine Le Pen,,25.0,20170324_bva,BVA,"Presse Régionale, Orange",2017-03-24,1431,Premier tour,
Nathalie Arthaud,,0.0,20170322_harris,Harris Interactive,"France Télévisions, L'Émission Politique",2017-03-22,6383,Premier tour,
Philippe Poutou,,0.0,20170322_harris,Harris Interactive,"France Télévisions, L'Émission Politique",2017-03-22,6383,Premier tour,
Jean-Luc Mélenchon,,13.5,20170322_harris,Harris Interactive,"France Télévisions, L'Émission Politique",2017-03-22,6383,Premier tour,
Benoît Hamon,,12.5,20170322_harris,Harris Interactive,"France Télévisions, L'Émission Politique",2017-03-22,6383,Premier tour,
Emmanuel Macron,,26.0,20170322_harris,Harris Interactive,"France Télévisions, L'Émission Politique",2017-03-22,6383,Premier tour,
Jean Lassalle,,1.0,20170322_harris,Harris Interactive,"France Télévisions, L'Émission Politique",2017-03-22,6383,Premier tour,
François Fillon,,18.0,20170322_harris,Harris Interactive,"France Télévisions, L'Émission Politique",2017-03-22,6383,Premier tour,
Nicolas Dupont-Aignan,,4.0,20170322_harris,Harris Interactive,"France Télévisions, L'Émission Politique",2017-03-22,6383,Premier tour,
Jacques Cheminade,,0.0,20170322_harris,Harris Interactive,"France Télévisions, L'Émission Politique",2017-03-22,6383,Premier tour,
François Asselineau,,0.0,20170322_harris,Harris Interactive,"France Télévisions, L'Émission Politique",2017-03-22,6383,Premier tour,
Marine Le Pen,,25.0,20170322_harris,Harris Interactive,"France Télévisions, L'Émission Politique",2017-03-22,6383,Premier tour,
Nathalie Arthaud,,1.0,20170323_opinionway,Opinion Way,"Orpi, Les Echos, Radio Classique",2017-03-23,1103,Premier tour,
Philippe Poutou,,1.0,20170323_opinionway,Opinion Way,"Orpi, Les Echos, Radio Classique",2017-03-23,1103,Premier tour,
Jean-Luc Mélenchon,,14.0,20170323_opinionway,Opinion Way,"Orpi, Les Echos, Radio Classique",2017-03-23,1103,Premier tour,
Benoît Hamon,,11.0,20170323_opinionway,Opinion Way,"Orpi, Les Echos, Radio Classique",2017-03-23,1103,Premier tour,
Emmanuel Macron,,24.0,20170323_opinionway,Opinion Way,"Orpi, Les Echos, Radio Classique",2017-03-23,1103,Premier tour,
Jean Lassalle,,1.0,20170323_opinionway,Opinion Way,"Orpi, Les Echos, Radio Classique",2017-03-23,1103,Premier tour,
François Fillon,,19.0,20170323_opinionway,Opinion Way,"Orpi, Les Echos, Radio Classique",2017-03-23,1103,Premier tour,
Nicolas Dupont-Aignan,,4.0,20170323_opinionway,Opinion Way,"Orpi, Les Echos, Radio Classique",2017-03-23,1103,Premier tour,
François Asselineau,,0.0,20170323_opinionway,Opinion Way,"Orpi, Les Echos, Radio Classique",2017-03-23,1103,Premier tour,
Jacques Cheminade,,0.0,20170323_opinionway,Opinion Way,"Orpi, Les Echos, Radio Classique",2017-03-23,1103,Premier tour,
Marine Le Pen,,25.0,20170323_opinionway,Opinion Way,"Orpi, Les Echos, Radio Classique",2017-03-23,1103,Premier tour,
Nathalie Arthaud,,1.0,20170321_ifop,Ifop,"Paris Match, CNews, Sud Radio",2017-03-21,1695,Premier tour,
Philippe Poutou,,0.5,20170321_ifop,Ifop,"Paris Match, CNews, Sud Radio",2017-03-21,1695,Premier tour,
Jean-Luc Mélenchon,,11.5,20170321_ifop,Ifop,"Paris Match, CNews, Sud Radio",2017-03-21,1695,Premier tour,
Benoît Hamon,,11.5,20170321_ifop,Ifop,"Paris Match, CNews, Sud Radio",2017-03-21,1695,Premier tour,
Emmanuel Macron,,25.5,20170321_ifop,Ifop,"Paris Match, CNews, Sud Radio",2017-03-21,1695,Premier tour,
Jean Lassalle,,1.0,20170321_ifop,Ifop,"Paris Match, CNews, Sud Radio",2017-03-21,1695,Premier tour,
François Fillon,,17.5,20170321_ifop,Ifop,"Paris Match, CNews, Sud Radio",2017-03-21,1695,Premier tour,
Nicolas Dupont-Aignan,,5.0,20170321_ifop,Ifop,"Paris Match, CNews, Sud Radio",2017-03-21,1695,Premier tour,
François Asselineau,,0.5,20170321_ifop,Ifop,"Paris Match, CNews, Sud Radio",2017-03-21,1695,Premier tour,
Jacques Cheminade,,0.0,20170321_ifop,Ifop,"Paris Match, CNews, Sud Radio",2017-03-21,1695,Premier tour,
Marine Le Pen,,26.0,20170321_ifop,Ifop,"Paris Match, CNews, Sud Radio",2017-03-21,1695,Premier tour,
Nathalie Arthaud,,0.5,20170321_elabe,Elabe,"L'Express, BFM TV",2017-03-21,997,Premier tour,
Philippe Poutou,,0.5,20170321_elabe,Elabe,"L'Express, BFM TV",2017-03-21,997,Premier tour,
Jean-Luc Mélenchon,,13.5,20170321_elabe,Elabe,"L'Express, BFM TV",2017-03-21,997,Premier tour,
Benoît Hamon,,11.5,20170321_elabe,Elabe,"L'Express, BFM TV",2017-03-21,997,Premier tour,
Emmanuel Macron,,26.0,20170321_elabe,Elabe,"L'Express, BFM TV",2017-03-21,997,Premier tour,
Jean Lassalle,,1.0,20170321_elabe,Elabe,"L'Express, BFM TV",2017-03-21,997,Premier tour,
François Fillon,,17.0,20170321_elabe,Elabe,"L'Express, BFM TV",2017-03-21,997,Premier tour,
Nicolas Dupont-Aignan,,5.0,20170321_elabe,Elabe,"L'Express, BFM TV",2017-03-21,997,Premier tour,
François Asselineau,,0.5,20170321_elabe,Elabe,"L'Express, BFM TV",2017-03-21,997,Premier tour,
Jacques Cheminade,,0.0,20170321_elabe,Elabe,"L'Express, BFM TV",2017-03-21,997,Premier tour,
Marine Le Pen,,24.5,20170321_elabe,Elabe,"L'Express, BFM TV",2017-03-21,997,Premier tour,
Nathalie Arthaud,,1.0,20170316_odoxa,Odoxa,Le Point,2017-03-16,964,Premier tour,
Philippe Poutou,,1.0,20170316_odoxa,Odoxa,Le Point,2017-03-16,964,Premier tour,
Jean-Luc Mélenchon,,10.5,20170316_odoxa,Odoxa,Le Point,2017-03-16,964,Premier tour,
Benoît Hamon,,12.5,20170316_odoxa,Odoxa,Le Point,2017-03-16,964,Premier tour,
Emmanuel Macron,,26.5,20170316_odoxa,Odoxa,Le Point,2017-03-16,964,Premier tour,
Jean Lassalle,,0.0,20170316_odoxa,Odoxa,Le Point,2017-03-16,964,Premier tour,
François Fillon,,19.0,20170316_odoxa,Odoxa,Le Point,2017-03-16,964,Premier tour,
Nicolas Dupont-Aignan,,3.0,20170316_odoxa,Odoxa,Le Point,2017-03-16,964,Premier tour,
François Asselineau,,0.5,20170316_odoxa,Odoxa,Le Point,2017-03-16,964,Premier tour,
Jacques Cheminade,,0.0,20170316_odoxa,Odoxa,Le Point,2017-03-16,964,Premier tour,
Marine Le Pen,,26.0,20170316_odoxa,Odoxa,Le Point,2017-03-16,964,Premier tour,
